company_name,sector,financial_year,sales,profit_before_tax,net_profit,equity_share_capital,reserves,borrowings,total,cash_from_operating_activity,net_cash_flow,price,adjusted_equity_shares_in_cr,high_debt_low_reserves_flag,capital_base,debt_pressure,profit_margin,ocf_margin,profit_cash_divergence,positive_ocf_flag
Adani Enterprises Ltd,Metals & Mining,2019,40378.66,458.72,717.14,109.98,14645.96,11243.2,42536.18,3235.92,-435.58,142.27,123.18,0,14755.939999999999,0.761944003567377,0.017760371443727947,0.08013936074154021,0,1
Adani Enterprises Ltd,Metals & Mining,2020,43402.56,1122.33,1138.17,109.98,16836.59,12419.3,46875.06,2453.56,1150.81,133.4,123.18,0,16946.57,0.7328503644100252,0.026223568379376703,0.05653030604646362,0,1
Adani Enterprises Ltd,Metals & Mining,2021,39537.13,1085.97,922.64,109.98,17048.59,16227.06,51616.72,4043.31,-1458.54,999.68,123.18,0,17158.57,0.945711676439237,0.023336038807065664,0.10226614830160916,0,1
Adani Enterprises Ltd,Metals & Mining,2022,69420.18,952.05,776.56,109.98,22146.53,41604.03,101586.36,1385.28,246.08,1953.27,123.18,1,22256.51,1.869297118011764,0.011186372608080244,0.019955004438190743,0,1
Adani Enterprises Ltd,Metals & Mining,2023,127539.5,3246.88,2463.98,114.0,32937.01,53200.46,141278.48,17626.46,970.1,1697.04,127.68,1,33051.01,1.6096470274282086,0.019319348123522515,0.13820392897886535,0,1
Adani Enterprises Ltd,Metals & Mining,2024,96420.98,4926.14,3239.55,114.0,38962.09,65310.15,160586.24,10312.19,424.22,3099.54,127.68,1,39076.09,1.6713583677384305,0.03359797836528938,0.10694964933980136,0,1
Adani Enterprises Ltd,Metals & Mining,2025,97894.75,10465.78,7111.96,115.42,50198.55,91819.17,197842.88,4513.1,751.11,2245.13,129.27,1,50313.97,1.8249239724076634,0.07264904399878441,0.04610155294333966,0,1
Adani Ports and Special Economic Zone Ltd,Services,2019,10925.44,5126.22,3990.22,414.19,23958.13,27711.54,56311.43,6029.4,3974.71,378.15,207.1,1,24372.32,1.137008704957099,0.36522281940132384,0.5518679339230272,0,1
Adani Ports and Special Economic Zone Ltd,Services,2020,11873.07,4243.92,3763.13,406.35,25050.61,30242.32,61916.7,7401.81,2397.27,251.3,203.18,1,25456.96,1.1879784546151622,0.316946670069325,0.6234116365859883,0,1
Adani Ports and Special Economic Zone Ltd,Services,2021,12549.6,6292.01,4994.3,406.35,30035.38,35855.33,74581.93,7555.78,-2994.49,702.4,203.18,1,30441.73,1.1778348339598308,0.3979648753745139,0.6020733728565053,0,1
Adani Ports and Special Economic Zone Ltd,Services,2022,17118.79,5717.14,4886.03,422.47,41399.22,47934.75,98327.99,10420.14,4341.24,774.2,211.24,1,41821.69,1.1461696072062129,0.2854191213280845,0.6086960585415206,0,1
Adani Ports and Special Economic Zone Ltd,Services,2023,20851.91,5486.89,5308.85,432.03,44957.36,53434.22,112563.19,11899.5,-7550.23,631.9,216.01,1,45389.39,1.1772403198192354,0.2545977802513055,0.5706671475179013,0,1
Adani Ports and Special Economic Zone Ltd,Services,2024,26710.56,9638.57,8110.64,432.03,52346.21,49470.24,116999.2,15017.58,270.92,1341.85,216.01,0,52778.24,0.9373226541847549,0.30364919342761815,0.5622338131435657,0,1
Adani Ports and Special Economic Zone Ltd,Services,2025,30475.33,13029.62,11092.31,432.03,61836.83,51620.73,133442.65,17226.28,523.23,1182.95,216.01,0,62268.86,0.8289975117578835,0.3639766985295975,0.5652532720728536,0,1
Apollo Hospitals Enterprise Ltd,Healthcare,2019,9617.4,372.6,236.0,69.6,3263.9,3673.2,9165.9,905.2,-20.1,1227.6,13.91,1,3333.5,1.1019049047547622,0.024538856655644977,0.094121072223262,0,1
Apollo Hospitals Enterprise Ltd,Healthcare,2020,11246.8,660.0,454.9,69.6,3269.5,3595.6,11288.8,1292.9,94.5,1139.05,13.91,1,3339.1,1.0768171064059178,0.040447060497208094,0.1149571433652239,0,1
Apollo Hospitals Enterprise Ltd,Healthcare,2021,10560.0,220.7,150.4,71.9,4530.6,4159.8,11391.6,1264.6,44.5,2902.65,14.38,0,4602.5,0.9038131450298751,0.014242424242424242,0.11975378787878788,0,1
Apollo Hospitals Enterprise Ltd,Healthcare,2022,14662.6,1578.1,1055.6,71.9,5551.4,4068.1,13261.0,1696.0,157.8,4516.1,14.38,0,5623.299999999999,0.7234364163391603,0.07199268888191725,0.11566843533888942,0,1
Apollo Hospitals Enterprise Ltd,Healthcare,2023,16612.5,1143.7,819.1,71.9,6125.5,4332.4,14415.7,1376.9,-113.1,4310.9,14.38,0,6197.4,0.6990673508245393,0.04930624529721595,0.08288337095560572,0,1
Apollo Hospitals Enterprise Ltd,Healthcare,2024,19059.2,1380.5,898.6,71.9,6863.5,5332.6,16742.2,1920.2,72.1,6356.8,14.38,0,6935.4,0.7688958099028175,0.04714783411685695,0.1007492444593687,0,1
Apollo Hospitals Enterprise Ltd,Healthcare,2025,21794.0,2039.1,1445.9,71.9,8140.4,7864.3,20644.3,2136.4,72.6,6616.2,14.38,0,8212.3,0.9576245388015538,0.06634394787556208,0.09802697990272552,0,1
Asian Paints Ltd,Consumer Durables,2019,19240.13,3306.1,2155.92,95.92,9374.63,1319.6,16248.84,2469.54,434.29,1492.7,95.92,0,9470.55,0.13933720850425793,0.11205329693718286,0.12835360260039821,0,1
Asian Paints Ltd,Consumer Durables,2020,20211.25,3629.04,2705.17,95.92,10034.24,1118.5,16137.97,2631.89,-351.22,1666.5,95.92,0,10130.16,0.11041286613439472,0.13384476467313997,0.1302190611664296,0,1
Asian Paints Ltd,Consumer Durables,2021,21712.79,4304.35,3139.29,95.92,12710.37,1093.12,20355.34,3683.35,2492.41,2537.4,95.92,0,12806.29,0.08535805451852174,0.14458252486207437,0.1696396455729549,0,1
Asian Paints Ltd,Consumer Durables,2022,29101.28,4187.72,3030.57,95.92,13715.64,1586.88,22958.43,986.49,-1137.87,3079.95,95.92,0,13811.56,0.11489505892165694,0.10413871829692715,0.0338985089315659,0,1
Asian Paints Ltd,Consumer Durables,2023,34488.59,5688.83,4106.45,95.92,15896.31,1932.62,25779.33,4193.43,771.04,2761.65,95.92,0,15992.23,0.12084743653636797,0.11906691459407301,0.12158890809975127,0,1
Asian Paints Ltd,Consumer Durables,2024,35494.73,7347.77,5460.23,95.92,18632.38,2474.38,29900.77,6103.6,572.62,2846.75,95.92,0,18728.3,0.13211984002819263,0.1538321322630148,0.17195792164076187,0,1
Asian Paints Ltd,Consumer Durables,2025,33905.62,5103.07,3667.23,95.92,19303.89,2290.29,30355.25,4423.96,-269.53,2340.65,95.92,0,19399.809999999998,0.11805734179870835,0.10815994516543274,0.13047866400909347,0,1
Axis Bank Ltd,Financial Services,2019,56043.65,7592.05,5038.59,514.33,67288.29,711995.77,814045.97,37125.25,24093.5,777.25,257.16,1,67802.62,10.501006745757023,0.08990474389159164,0.6624345487847418,0,1
Axis Bank Ltd,Financial Services,2020,63715.68,5280.05,1853.11,564.34,85776.09,797337.38,927871.81,30415.64,29795.47,379.0,282.17,1,86340.43,9.23480899967721,0.029084049640528045,0.47736506932045614,0,1
Axis Bank Ltd,Financial Services,2021,64397.36,9750.08,7195.5,612.75,102980.95,850551.35,1001004.54,12632.88,-34375.42,697.45,306.37,1,103593.7,8.210454400219318,0.11173594693943975,0.19617077470256544,0,1
Axis Bank Ltd,Financial Services,2022,68846.06,18929.46,14119.29,613.95,117646.71,1020942.96,1195779.15,28137.3,48919.15,761.15,306.97,1,118260.66,8.632988856987605,0.20508493877500036,0.40869876939943983,0,1
Axis Bank Ltd,Financial Services,2023,87448.37,18621.18,10818.45,615.37,129166.34,1152038.29,1344417.96,22074.78,-3635.58,858.5,307.69,1,129781.70999999999,8.876738409441517,0.12371242597203357,0.25243214939283604,0,1
Axis Bank Ltd,Financial Services,2024,112759.05,35178.0,26386.2,617.31,156406.21,1295301.95,1518238.53,-5554.67,7785.25,1047.2,308.66,1,157023.52,8.2490951037144,0.23400516410877886,-0.04926141183346259,1,0
Axis Bank Ltd,Financial Services,2025,127374.09,36722.16,28055.11,619.47,186616.02,1391607.64,1656962.61,44383.68,-13794.48,1102.0,309.74,1,187235.49,7.432392437993459,0.22025758927894992,0.34845140012383996,0,1
Bajaj Auto Ltd,Automobile and Auto Components,2019,30357.63,6955.58,4927.61,289.37,22944.44,124.52,28834.41,2486.86,140.04,2911.1,28.94,0,23233.809999999998,0.005359430932765656,0.1623186658510562,0.08191877956217268,0,1
Bajaj Auto Ltd,Automobile and Auto Components,2020,29918.65,6692.13,5211.91,289.37,21372.71,125.59,26510.02,3850.44,-630.24,2022.35,28.94,0,21662.079999999998,0.005797688864596568,0.174202713023482,0.12869698331976878,0,1
Bajaj Auto Ltd,Automobile and Auto Components,2021,27741.08,6241.43,4857.02,289.37,26984.06,121.46,33601.71,3119.88,231.21,3670.6,28.94,0,27273.43,0.004453418583581163,0.17508402700976314,0.1124642587815615,0,1
Bajaj Auto Ltd,Automobile and Auto Components,2022,33144.71,7651.68,6165.87,289.37,29570.28,122.77,35111.21,4197.21,417.08,3653.0,28.94,0,29859.649999999998,0.0041115686218693125,0.18602878106340348,0.12663287746370386,0,1
Bajaj Auto Ltd,Automobile and Auto Components,2023,36455.38,7841.98,6060.21,282.96,29078.58,124.23,35136.45,5277.42,-692.07,3884.75,28.3,0,29361.54,0.004231045101857737,0.16623636895295016,0.1447638181250614,0,1
Bajaj Auto Ltd,Automobile and Auto Components,2024,44870.43,10040.04,7708.24,279.18,28683.23,1911.74,39343.69,6558.16,318.83,9148.15,27.92,0,28962.41,0.06600762850881539,0.17178885961199836,0.1461577257004223,0,1
Bajaj Auto Ltd,Automobile and Auto Components,2025,50994.55,10223.53,7324.73,279.26,34909.48,9364.16,54109.92,-1405.57,1771.08,7878.85,27.93,0,35188.740000000005,0.26611239845473295,0.14363750636097386,-0.027563141551401077,1,0
Bajaj Finance Ltd,Financial Services,2019,18487.14,6179.16,3994.99,115.37,19581.65,101587.85,124232.51,-29061.53,8.85,302.5,577.96,1,19697.02,5.157523828477608,0.21609562106415595,-1.5719862563922813,1,0
Bajaj Finance Ltd,Financial Services,2020,26374.41,7322.12,5263.75,119.99,32207.64,129806.43,164391.13,-24411.7,997.5,221.58,601.68,1,32327.63,4.015340128552572,0.19957792420759365,-0.9255827902880103,1,0
Bajaj Finance Ltd,Financial Services,2021,26672.87,5992.26,4419.82,120.32,36798.09,131633.54,171470.4,-807.27,504.81,514.99,602.58,1,36918.409999999996,3.5655257092599606,0.16570470294347778,-0.030265584468413036,1,0
Bajaj Finance Ltd,Financial Services,2022,31640.55,9503.78,7028.23,120.66,43592.03,165231.53,212505.86,-37089.9,1532.11,726.0,605.42,1,43712.69,3.7799442221469324,0.22212730183261667,-1.1722267786116234,1,0
Bajaj Finance Ltd,Financial Services,2023,41411.21,15527.86,11507.69,120.89,54251.09,216690.49,275226.31,-42111.79,-1830.69,561.68,605.42,1,54371.979999999996,3.985333806125876,0.2778882819410493,-1.016917641382611,1,0
Bajaj Finance Ltd,Financial Services,2024,54973.9,19309.57,14451.17,123.6,76571.75,293345.83,375741.62,-69843.31,2483.76,724.53,619.0,1,76695.35,3.824818975335532,0.2628732907798064,-1.2704812647456338,1,0
Bajaj Finance Ltd,Financial Services,2025,69709.44,22079.63,16637.82,124.17,96568.7,361248.65,466126.83,-68154.47,-392.05,894.56,621.42,1,96692.87,3.7360422748854187,0.23867384388685375,-0.9776935519780391,1,0
Bajaj Finserv Ltd,Financial Services,2019,42605.4,8154.74,3219.04,79.57,23660.5,99754.35,208428.18,-27076.37,555.04,703.71,159.15,1,23740.07,4.201940011128864,0.07555474188717862,-0.6355149816689902,1,0
Bajaj Finserv Ltd,Financial Services,2020,54351.37,8301.66,3369.13,79.57,31221.68,127212.03,251304.15,-23369.03,1162.32,459.12,159.15,1,31301.25,4.064119803522224,0.06198794988976359,-0.42996211503040305,1,0
Bajaj Finserv Ltd,Financial Services,2021,60591.52,9862.34,4470.46,79.57,35750.43,128460.85,279844.71,4547.4,2550.55,966.86,159.15,1,35830.0,3.5852874686017304,0.0737802913675049,0.07505010602143666,0,1
Bajaj Finserv Ltd,Financial Services,2022,68406.28,11270.58,4556.77,79.57,40167.23,161179.18,333413.21,-33669.99,101.2,1706.05,159.15,1,40246.8,4.004770068676267,0.06661332848387605,-0.4922061249347282,1,0
Bajaj Finserv Ltd,Financial Services,2023,82071.7,16811.13,6417.28,159.26,46248.08,212264.97,405401.15,-39479.54,-2408.69,1266.5,159.28,1,46407.340000000004,4.573952525613405,0.07819114262285294,-0.48103719065158884,1,0
Bajaj Finserv Ltd,Financial Services,2024,110382.29,21375.03,8147.79,159.41,60169.23,288932.62,537415.14,-65502.04,3074.86,1643.85,159.55,1,60328.64000000001,4.7893110138070405,0.07381428669399774,-0.5934107726882637,1,0
Bajaj Finserv Ltd,Financial Services,2025,133822.12,23748.21,8872.31,159.6,72235.71,355854.65,651519.1,-62113.25,91.52,2007.35,159.67,1,72395.31000000001,4.915437892316505,0.06629927847503836,-0.46414785537697356,1,0
Bharat Electronics Ltd,Capital Goods,2019,12164.17,2628.34,1886.4,243.66,8967.84,33.63,20820.58,1513.88,-44.73,31.08,730.98,0,9211.5,0.003650871193616675,0.15507839827953737,0.1244540317999502,0,1
Bharat Electronics Ltd,Capital Goods,2020,12967.67,2478.4,1823.85,243.66,9827.87,8.33,24350.52,2570.41,860.93,24.82,730.98,0,10071.53,0.000827083869084439,0.14064592945378776,0.19821679607824688,0,1
Bharat Electronics Ltd,Capital Goods,2021,14108.69,2941.78,2098.94,243.66,10815.92,,29493.87,5093.22,1422.27,41.7,730.98,0,11059.58,,0.1487693045917091,0.3609987886898075,0,1
Bharat Electronics Ltd,Capital Goods,2022,15368.18,3166.24,2398.87,243.66,12042.27,52.7,33912.14,4207.22,-1742.04,70.27,730.98,0,12285.93,0.0042894595687912925,0.15609330447717296,0.2737617596878746,0,1
Bharat Electronics Ltd,Capital Goods,2023,17734.44,3922.91,2984.42,730.98,13130.65,61.34,35489.99,1266.86,2644.83,97.55,730.98,0,13861.63,0.004425165005847076,0.16828385897722173,0.07143501570954594,0,1
Bharat Electronics Ltd,Capital Goods,2024,20268.24,5266.21,3984.52,730.98,15595.49,62.51,39524.48,4659.49,-2739.37,201.5,730.98,0,16326.47,0.003828751714240739,0.19658934372200051,0.22989119923584878,0,1
Bharat Electronics Ltd,Capital Goods,2025,23768.75,7099.0,5321.44,730.98,19242.91,61.23,40823.57,586.62,-492.87,301.32,730.98,0,19973.89,0.003065502012877812,0.2238838811464633,0.024680305022350777,0,1
Bharti Airtel Ltd,Telecommunication,2019,80780.2,-1731.8,409.5,1998.7,69423.5,125428.3,274026.3,20070.2,1248.4,300.21,549.75,1,71422.2,1.756152848834116,0.005069311539213818,0.2484544479959198,0,1
Bharti Airtel Ltd,Telecommunication,2020,87539.0,-42846.5,-32183.2,2727.8,74417.0,148228.1,359091.3,18128.7,7674.6,432.77,584.52,1,77144.8,1.9214269788760876,-0.3676441357566342,0.2070928386205006,0,1
Bharti Airtel Ltd,Telecommunication,2021,100615.8,-3431.5,-15083.5,2746.0,56206.7,162785.2,344417.1,48205.0,-3990.9,507.76,588.43,1,58952.7,2.7612848945001676,-0.1499118428715967,0.47909970402262864,0,1
Bharti Airtel Ltd,Telecommunication,2022,116546.9,12483.1,4254.9,2795.0,63759.3,169677.9,361207.2,55016.6,-1664.3,754.95,588.43,1,66554.3,2.5494656243097737,0.036508049549151454,0.4720554557864688,0,1
Bharti Airtel Ltd,Telecommunication,2023,139144.8,16560.7,8345.9,2836.6,74726.3,226020.3,444557.0,65324.6,1622.7,749.0,557.51,1,77562.90000000001,2.91402590671571,0.05997996331878734,0.46947208950675845,0,1
Bharti Airtel Ltd,Telecommunication,2024,149982.4,12679.0,7467.0,2876.6,79142.2,215592.3,442019.2,78898.2,30.7,1228.6,565.51,1,82018.8,2.628571742088399,0.04978584153874055,0.5260497231675183,0,1
Bharti Airtel Ltd,Telecommunication,2025,172985.2,38398.5,33556.1,2900.1,110771.8,213642.1,505005.5,98332.2,1601.0,1733.4,570.21,1,113671.90000000001,1.879462734413694,0.1939824909876683,0.5684428494460797,0,1
Cipla Ltd,Healthcare,2019,16362.41,2079.14,1527.7,161.14,14851.14,4316.23,23761.91,1691.15,-345.1,528.9,80.57,0,15012.279999999999,0.2875132891206399,0.09336644174055045,0.10335580149867898,0,1
Cipla Ltd,Healthcare,2020,17131.99,2178.18,1546.52,161.25,15601.75,2816.43,23422.79,3068.45,234.02,422.85,80.62,0,15763.0,0.17867347586119392,0.09027089088891599,0.1791064552337469,0,1
Cipla Ltd,Healthcare,2021,19159.59,3290.06,2404.87,161.29,18165.24,2014.41,24855.28,3755.2,141.3,815.1,80.65,0,18326.530000000002,0.10991769854958902,0.12551782162353162,0.19599584333485215,0,1
Cipla Ltd,Healthcare,2022,21763.34,3493.27,2516.75,161.36,20680.33,1055.78,26857.16,3325.9,-132.32,1018.05,80.68,0,20841.690000000002,0.050657120415858785,0.115641716758549,0.152821212185262,0,1
Cipla Ltd,Healthcare,2023,22753.12,4038.35,2801.91,161.43,23246.35,803.12,29300.0,3237.65,-96.78,900.5,80.72,0,23407.78,0.03430996019272225,0.12314399080214054,0.14229477100283391,0,1
Cipla Ltd,Healthcare,2024,25774.09,5701.9,4121.55,161.47,26544.96,559.41,32532.53,4133.91,-48.99,1496.95,80.74,0,26706.43,0.020946640940028297,0.1599105923817291,0.1603901437451332,0,1
Cipla Ltd,Healthcare,2025,27547.62,6820.81,5272.52,161.52,31031.93,438.19,37333.51,5004.98,30.31,1442.2,80.76,0,31193.45,0.014047500356645384,0.1913965707382344,0.1816846609616366,0,1
Coal India Ltd,Oil Gas & Consumable Fuels,2019,99585.61,27126.87,17463.07,6162.73,20292.41,2209.94,133021.45,16355.52,-2425.78,237.2,616.27,0,26455.14,0.08353537346617709,0.1753573633781025,0.16423577663479694,0,1
Coal India Ltd,Oil Gas & Consumable Fuels,2020,96080.34,24071.32,16714.19,6162.73,25994.19,6433.77,150020.44,4977.24,1219.21,140.05,616.27,0,32156.92,0.20007419864837805,0.1739605625875179,0.05180289745019637,0,1
Coal India Ltd,Oil Gas & Consumable Fuels,2021,90026.01,18009.24,12699.89,6162.73,30354.63,5884.23,161050.84,10592.42,2321.18,130.35,616.27,0,36517.36,0.1611351422994433,0.14106911991323395,0.11765955194504345,0,1
Coal India Ltd,Oil Gas & Consumable Fuels,2022,109715.42,23616.28,17358.1,6162.73,36980.31,3513.64,179436.33,41106.77,1951.02,183.05,616.27,0,43143.03999999999,0.0814416415718503,0.15821021329545107,0.3746672072166337,0,1
Coal India Ltd,Oil Gas & Consumable Fuels,2023,138251.91,43274.6,31763.23,6162.73,54680.2,4331.42,221395.85,35733.97,-1435.87,213.65,616.27,0,60842.92999999999,0.07119019416060339,0.2297489416240253,0.258469991481492,0,1
Coal India Ltd,Oil Gas & Consumable Fuels,2024,144762.42,48812.61,37402.29,6162.73,76567.05,6523.03,236469.56,18103.1,-281.97,434.1,616.27,0,82729.78,0.0788474235033624,0.2583701626430395,0.12505386411749678,0,1
Coal India Ltd,Oil Gas & Consumable Fuels,2025,143368.92,46966.19,35358.16,6162.73,92942.19,9145.73,258985.29,29199.66,5814.8,398.2,616.27,0,99104.92,0.09228330944619097,0.246623605729889,0.20366799164002908,0,1
Dr Reddy's Laboratories Ltd,Healthcare,2019,15448.2,2335.8,1950.0,83.0,13940.6,3838.1,22418.3,2870.4,-31.4,556.05,83.03,0,14023.6,0.2736886391511452,0.126228298442537,0.18580805530741445,0,1
Dr Reddy's Laboratories Ltd,Healthcare,2020,17517.0,1885.7,2026.0,83.1,15515.7,2210.2,23223.3,2984.1,-26.6,624.15,83.09,0,15598.800000000001,0.14169038643998255,0.11565907404235885,0.17035451275903407,0,1
Dr Reddy's Laboratories Ltd,Healthcare,2021,19047.5,2883.5,1951.6,83.2,17558.5,3030.8,26587.9,3570.3,1285.8,903.2,83.15,0,17641.7,0.17179750250826167,0.10245964037275232,0.18744192151200945,0,1
Dr Reddy's Laboratories Ltd,Healthcare,2022,21545.2,3061.4,2182.5,83.2,19129.2,3384.5,29745.5,2810.8,3.2,859.09,83.21,0,19212.4,0.1761622702004955,0.10129866513190873,0.1304606130367785,0,1
Dr Reddy's Laboratories Ltd,Healthcare,2023,24669.7,6048.5,4507.3,83.3,23202.8,1347.2,32209.1,5887.5,-907.3,924.55,83.26,0,23286.1,0.05785425640188783,0.18270591048938575,0.23865308455311576,0,1
Dr Reddy's Laboratories Ltd,Healthcare,2024,28011.1,7201.0,5577.9,83.4,28171.4,2002.0,38779.7,4543.3,132.8,1231.58,83.41,0,28254.800000000003,0.07085521752056287,0.1991317727615124,0.16219641499262794,0,1
Dr Reddy's Laboratories Ltd,Healthcare,2025,32643.9,7679.5,5655.1,83.4,33466.2,4676.6,48022.8,4642.8,748.6,1144.2,83.45,0,33549.6,0.13939361423087013,0.17323604103676338,0.14222565318482167,0,1
Eicher Motors Ltd,Automobile and Auto Components,2019,9797.06,3297.29,2202.73,27.28,8891.44,186.76,11386.83,1575.47,623.29,2054.77,27.28,0,8918.720000000001,0.020940224606221518,0.2248358180923665,0.1608104880443725,0,1
Eicher Motors Ltd,Automobile and Auto Components,2020,9153.58,2354.89,1827.44,27.3,9953.63,249.0,12449.72,1694.12,-672.54,1309.59,27.31,0,9980.929999999998,0.024947575025573772,0.1996421072411013,0.1850773140126595,0,1
Eicher Motors Ltd,Automobile and Auto Components,2021,8720.35,1798.39,1346.89,27.33,11410.75,219.25,14558.61,1690.97,50.91,2603.95,27.33,0,11438.08,0.01916842686884512,0.15445366298371052,0.193910794864885,0,1
Eicher Motors Ltd,Automobile and Auto Components,2022,10297.83,2202.51,1676.6,27.34,12580.66,107.71,16139.83,1527.04,-49.57,2457.15,27.34,0,12608.0,0.008542988578680202,0.16281099998737597,0.14828755184344664,0,1
Eicher Motors Ltd,Automobile and Auto Components,2023,14442.18,3799.63,2913.94,27.35,14962.93,288.41,19197.64,2822.66,8.42,2948.85,27.35,0,14990.28,0.019239800724202616,0.20176593838326345,0.19544556292748047,0,1
Eicher Motors Ltd,Automobile and Auto Components,2024,16535.78,5202.02,4001.01,27.38,18018.15,419.44,23115.13,3723.71,45.42,4019.3,27.38,0,18045.530000000002,0.023243429259212665,0.2419607662898273,0.22519107051496817,0,1
Eicher Motors Ltd,Automobile and Auto Components,2025,18870.35,5933.07,4734.44,27.42,21269.07,458.13,27174.41,3979.92,120.57,5347.7,27.42,0,21296.489999999998,0.021511995638717932,0.25089306769614766,0.21090864769333903,0,1
Eternal Ltd,Consumer Services,2019,1312.59,-1010.24,-964.95,0.03,2355.61,347.94,3412.88,,,,0.03,0,2355.6400000000003,0.14770508227063556,-0.7351495897424177,,0,0
Eternal Ltd,Consumer Services,2020,2604.74,-2385.61,-2367.16,0.03,457.35,325.58,2900.39,-2143.63,-45.22,,0.03,0,457.38,0.7118369845642573,-0.9087893609342967,-0.8229727343228116,0,0
Eternal Ltd,Consumer Services,2021,1993.8,-815.1,-812.8,,7643.8,527.4,8703.5,-1017.9,139.4,,0.04,0,,,-0.407663757648711,-0.5105326512187782,0,0
Eternal Ltd,Consumer Services,2022,4192.4,-1220.5,-1208.7,764.3,15741.2,70.3,17327.0,-693.0,85.8,82.3,787.19,0,16505.5,0.004259186331828784,-0.2883074134147505,-0.1652991126800878,0,0
Eternal Ltd,Consumer Services,2023,7079.0,-1015.0,-971.0,836.0,18624.0,507.0,21599.0,-844.0,-174.0,51.0,855.35,0,19460.0,0.02605344295991778,-0.13716626642181098,-0.11922587936149173,0,0
Eternal Ltd,Consumer Services,2024,12114.0,291.0,351.0,868.0,19545.0,749.0,23356.0,646.0,91.0,182.1,881.98,0,20413.0,0.03669230392397002,0.02897473997028232,0.053326729403995375,0,1
Eternal Ltd,Consumer Services,2025,20243.0,697.0,527.0,907.0,29410.0,2045.0,35623.0,308.0,357.0,201.7,965.04,0,30317.0,0.06745390375037108,0.026033690658499236,0.015215136096428395,0,1
Grasim Industries Ltd,Construction Materials,2019,77200.25,5163.46,1692.99,131.53,57887.99,84487.47,241126.98,-1658.58,287.04,854.55,67.96,1,58019.52,1.4561904338401974,0.021929851263435027,-0.021484127318240547,1,0
Grasim Industries Ltd,Construction Materials,2020,68252.47,6554.26,4411.74,131.57,56500.72,84776.98,244181.44,16620.3,1838.33,474.22,67.98,1,56632.29,1.4969724868974925,0.06463853982134272,0.24351206630324146,0,1
Grasim Industries Ltd,Construction Materials,2021,76404.29,10008.89,4304.82,131.62,65362.44,79077.82,267348.77,15075.08,-74.61,1444.81,68.01,1,65494.060000000005,1.2074044577477714,0.05634264777540633,0.1973067219131282,0,1
Grasim Industries Ltd,Construction Materials,2022,95701.13,13142.6,7549.78,131.67,75566.56,74744.19,289148.79,7037.64,-748.04,1657.41,68.04,0,75698.23,0.9873967991061351,0.07888914164336408,0.07353768968036219,0,1
Grasim Industries Ltd,Construction Materials,2023,117627.08,14726.71,6827.26,131.69,78610.3,103038.56,336822.77,-12685.14,71.86,1626.24,68.05,1,78741.99,1.3085592579003908,0.058041566618843216,-0.10784200372907327,1,0
Grasim Industries Ltd,Construction Materials,2024,130978.48,13699.81,5624.49,132.8,88519.6,137155.05,412116.49,-10719.33,75.09,2287.3,65.85,1,88652.40000000001,1.5471103997184505,0.04294209247198471,-0.08184039087947884,1,0
Grasim Industries Ltd,Construction Materials,2025,148477.89,10825.06,3705.68,136.11,97373.12,186325.56,500040.43,-17169.65,2495.05,2611.15,68.05,1,97509.23,1.9108504907689252,0.024957790011698035,-0.11563775589752791,1,0
HCL Technologies Ltd,Information Technology,2019,60427.0,12622.0,10120.0,271.0,41095.0,4195.0,58349.0,8971.0,4244.0,543.73,271.26,0,41366.0,0.10141178745829908,0.16747480430933193,0.1484601254406143,0,1
HCL Technologies Ltd,Information Technology,2020,70676.0,13980.0,11057.0,543.0,50724.0,7986.0,82819.0,13359.0,-2141.0,436.4,271.37,0,51267.0,0.15577271929311254,0.15644631841077594,0.18901748825626805,0,1
HCL Technologies Ltd,Information Technology,2021,75379.0,15853.0,11145.0,543.0,59370.0,6864.0,86047.0,19618.0,2761.0,982.65,271.37,0,59913.0,0.11456612087526914,0.14785285026333594,0.26025816208758407,0,1
HCL Technologies Ltd,Information Technology,2022,85651.0,16951.0,13499.0,543.0,61371.0,6343.0,88921.0,16900.0,3989.0,1163.75,271.37,0,61914.0,0.10244855767677746,0.1576046981354567,0.19731234895097546,0,1
HCL Technologies Ltd,Information Technology,2023,101456.0,19488.0,14851.0,543.0,64862.0,4794.0,93250.0,18009.0,-1445.0,1085.25,271.37,0,65405.0,0.07329714853604465,0.1463787257530358,0.1775055196341271,0,1
HCL Technologies Ltd,Information Technology,2024,109913.0,20967.0,15702.0,543.0,67720.0,5758.0,99006.0,22448.0,376.0,1543.55,271.37,0,68263.0,0.08435023365512796,0.14285844258640926,0.20423425800405776,0,1
HCL Technologies Ltd,Information Technology,2025,117055.0,23261.0,17390.0,543.0,69112.0,6276.0,104480.0,22261.0,-1196.0,1592.5,271.37,0,69655.0,0.09010121312181466,0.1485626414933151,0.1901755584981419,0,1
HDFC Bank Ltd,Financial Services,2019,105160.74,34318.16,22332.43,544.66,153128.0,1080235.46,1292805.71,-62871.54,-41243.91,579.73,1089.32,1,153672.66,7.029457679719997,0.21236470949139383,-0.5978613311393587,1,0
HDFC Bank Ltd,Financial Services,2020,122189.29,38194.86,27253.95,548.33,175810.38,1333041.45,1580830.43,-16869.09,6122.47,430.95,1096.66,1,176358.71,7.558693585363604,0.22304696262659357,-0.13805702611088091,1,0
HDFC Bank Ltd,Financial Services,2021,128552.4,42796.15,31833.21,551.28,209258.9,1511417.62,1799506.63,42476.45,33332.4,746.83,1102.56,1,209810.18,7.203738255217169,0.24762828231911657,0.3304212912399924,0,1
HDFC Bank Ltd,Financial Services,2022,135936.41,50873.38,38052.75,554.55,246771.62,1784969.53,2122934.3,-11959.57,34113.22,735.18,1109.11,1,247326.16999999998,7.2170669606050994,0.2799305204543801,-0.0879791514282303,1,0
HDFC Bank Ltd,Financial Services,2023,170754.05,61498.39,45997.11,557.97,288879.53,2139211.91,2530432.44,20813.7,41762.08,804.78,1115.95,1,289437.5,7.39092864608076,0.26937639253651674,0.12189286286328202,0,1
HDFC Bank Ltd,Financial Services,2024,283649.02,76568.6,64062.04,759.69,455635.56,3107502.74,4030194.26,19069.34,31686.7,723.95,1519.38,1,456395.25,6.8087972870006865,0.2258496785922264,0.06722864757297592,0,1
HDFC Bank Ltd,Financial Services,2025,336367.43,96242.05,70792.25,765.22,521024.17,3345503.8,4392109.83,127241.84,21113.39,914.1,1530.44,1,521789.38999999996,6.411597982090054,0.21046107228633879,0.37828228494060795,0,1
HDFC Life Insurance Company Ltd,Financial Services,2019,38854.68,1291.02,1277.93,2017.38,3625.22,,130020.41,9868.3,-650.89,378.5,201.74,0,5642.6,,0.032889989056659324,0.2539797007722107,0,1
HDFC Life Insurance Company Ltd,Financial Services,2020,29380.4,1462.96,1297.44,2018.8,4787.82,,132223.85,7387.66,-363.66,441.35,201.88,0,6806.62,,0.04416005227975112,0.25144858477079957,0,1
HDFC Life Insurance Company Ltd,Financial Services,2021,71528.03,1628.67,1360.87,2020.94,6618.85,600.0,179655.04,9702.84,1429.45,696.2,202.09,0,8639.79,0.06944613237127291,0.01902568825116531,0.13565087700583953,0,1
HDFC Life Insurance Company Ltd,Financial Services,2022,67125.82,1487.26,1326.93,2112.62,13500.71,600.0,230734.45,5942.54,4903.51,538.2,211.26,0,15613.329999999998,0.03842870162867243,0.019767803208958937,0.08852837849876544,0,1
HDFC Life Insurance Company Ltd,Financial Services,2023,70207.08,1441.32,1368.28,2149.4,10843.74,950.0,248069.25,6883.17,-1203.44,499.2,214.94,0,12993.14,0.0731155055667837,0.019489202513478698,0.09804096680847572,0,1
HDFC Life Insurance Company Ltd,Financial Services,2024,101481.8,977.28,1574.08,2150.94,12515.4,950.0,302686.94,10721.36,-3303.62,633.35,215.09,0,14666.34,0.06477416997014933,0.015510958615239382,0.10564810635995814,0,1
HDFC Life Insurance Company Ltd,Financial Services,2025,92921.74,1289.74,1810.82,2152.99,14001.63,2950.0,349411.58,15597.06,3571.99,685.7,215.3,0,16154.619999999999,0.18261029971611836,0.019487581700471816,0.16785157057971578,0,1
Hindalco Industries Ltd,Metals & Mining,2019,130542.0,8083.0,5496.0,222.0,57279.0,52415.0,151972.0,11977.0,1055.0,205.5,224.55,0,57501.0,0.9115493643588807,0.042101392655237393,0.09174824960549095,0,1
Hindalco Industries Ltd,Metals & Mining,2020,118144.0,5924.0,3767.0,222.0,58095.0,68399.0,168618.0,12745.0,12174.0,95.7,224.62,1,58317.0,1.172882692868289,0.03188481852654388,0.10787682827735645,0,1
Hindalco Industries Ltd,Metals & Mining,2021,132008.0,6206.0,3483.0,222.0,66311.0,67206.0,188822.0,17232.0,-12930.0,326.85,224.67,1,66533.0,1.010115281138683,0.026384764559723654,0.13053754317920127,0,1
Hindalco Industries Ltd,Metals & Mining,2022,195059.0,19103.0,13730.0,222.0,77969.0,64486.0,221855.0,16838.0,3300.0,569.5,224.72,0,78191.0,0.8247240731030425,0.07038895923797416,0.08632259982876976,0,1
Hindalco Industries Ltd,Metals & Mining,2023,223202.0,13241.0,10097.0,222.0,94584.0,60291.0,223489.0,19208.0,1199.0,405.35,224.72,0,94806.0,0.6359407632428328,0.04523704984722359,0.08605657655397353,0,1
Hindalco Industries Ltd,Metals & Mining,2024,215962.0,14012.0,10155.0,222.0,105924.0,56356.0,230723.0,24056.0,-1028.0,560.25,224.72,0,106146.0,0.5309290976579428,0.04702216130615571,0.11138996675341033,0,1
Hindalco Industries Ltd,Metals & Mining,2025,238496.0,22337.0,16001.0,222.0,123487.0,63929.0,264300.0,24410.0,-2015.0,682.45,224.72,0,123709.0,0.5167691922172194,0.06709127197101838,0.10234972494297598,0,1
Hindustan Unilever Ltd,Fast Moving Consumer Goods,2019,39310.0,8604.0,6054.0,216.0,7651.0,99.0,18629.0,5800.0,-28.0,1633.53,216.47,0,7867.0,0.01258421253336723,0.1540066140931061,0.1475451539048588,0,1
Hindustan Unilever Ltd,Fast Moving Consumer Goods,2020,39783.0,9165.0,6748.0,216.0,8013.0,,20153.0,7623.0,2595.0,2199.83,216.48,0,8229.0,,0.16962018952819044,0.1916145087097504,0,1
Hindustan Unilever Ltd,Fast Moving Consumer Goods,2021,47028.0,10605.0,7995.0,235.0,47439.0,,68740.0,9163.0,-1374.0,2327.12,234.96,0,47674.0,,0.17000510334268945,0.19484137109806923,0,1
Hindustan Unilever Ltd,Fast Moving Consumer Goods,2022,52446.0,11879.0,8879.0,235.0,48826.0,1043.0,70506.0,9048.0,-695.0,1960.7,234.96,0,49061.0,0.02125924869040582,0.16929794455249209,0.1725203066010754,0,1
Hindustan Unilever Ltd,Fast Moving Consumer Goods,2023,60580.0,13344.0,10120.0,235.0,50069.0,1219.0,73077.0,9991.0,-446.0,2450.44,234.96,0,50304.0,0.024232665394402036,0.16705183228788378,0.16492241663915483,0,1
Hindustan Unilever Ltd,Fast Moving Consumer Goods,2024,61896.0,13926.0,10277.0,235.0,50983.0,1484.0,78489.0,15469.0,111.0,2167.14,234.96,0,51218.0,0.028974188761763442,0.16603657748481324,0.2499192193356598,0,1
Hindustan Unilever Ltd,Fast Moving Consumer Goods,2025,63121.0,14415.0,10649.0,235.0,49167.0,1648.0,79863.0,11886.0,5258.0,2161.88,234.96,0,49402.0,0.03335897332091818,0.1687077200931544,0.18830500150504587,0,1
ICICI Bank Ltd,Financial Services,2019,71981.65,7408.26,4254.24,1289.46,112963.95,891641.06,1238793.89,48671.05,-1608.24,400.5,644.62,1,114253.41,7.804065191577214,0.059101729399089906,0.6761591322232821,0,1
ICICI Bank Ltd,Financial Services,2020,84835.77,18588.61,9566.31,1294.76,121665.3,1014636.24,1377292.23,79564.75,40462.03,323.75,647.28,1,122960.06,8.251754594134063,0.11276269432103933,0.9378679535766575,0,1
ICICI Bank Ltd,Financial Services,2021,89162.66,26028.34,18384.32,1383.41,156204.09,1103839.96,1573812.25,138015.3,19717.61,582.1,691.6,1,157587.5,7.004616229079083,0.20618855471561748,1.547904694633381,0,1
ICICI Bank Ltd,Financial Services,2022,95406.87,34241.27,25110.1,1389.97,180662.52,1252968.47,1752637.38,58111.43,35555.45,730.3,694.88,1,182052.49,6.882457196822741,0.2631896424230247,0.6090906241867069,0,1
ICICI Bank Ltd,Financial Services,2023,121066.81,46256.47,34036.64,1396.78,213101.01,1399893.96,1958490.5,-3771.19,-46669.49,877.25,698.28,1,214497.79,6.5263794093169905,0.28113931473043685,-0.03114966025783615,1,0
ICICI Bank Ltd,Financial Services,2024,159515.93,60434.37,44256.37,1404.68,254739.16,1651007.95,2364063.02,157284.48,26312.41,1093.3,702.23,1,256143.84,6.445628167360964,0.2774416950081412,0.9860111150027462,0,1
ICICI Bank Ltd,Financial Services,2025,186331.46,72853.54,51029.2,1424.6,312481.31,1860520.85,2642241.41,122805.26,51254.56,1348.35,712.19,1,313905.91,5.927001661102845,0.2738625028752525,0.6590688443057334,0,1
ITC Ltd,Fast Moving Consumer Goods,2019,48339.58,19149.82,12592.33,1225.86,57915.01,13.44,71739.04,12583.41,169.09,278.64,1225.86,0,59140.87,0.00022725401232683926,0.26049729848707825,0.2603127706115775,0,1
ITC Ltd,Fast Moving Consumer Goods,2020,49387.7,20034.57,15306.23,1229.22,64044.04,277.45,77310.75,14689.66,334.16,160.95,1229.22,0,65273.26,0.004250592049485501,0.30991987883622846,0.2974355963124422,0,1
ITC Ltd,Fast Moving Consumer Goods,2021,49257.45,17938.17,13161.19,1230.88,59116.46,270.83,73760.76,12526.97,-366.88,204.82,1230.88,0,60347.34,0.004487853151439649,0.2671918664080256,0.2543162506382283,0,1
ITC Ltd,Fast Moving Consumer Goods,2022,60644.54,20740.47,15242.66,1232.33,61223.24,249.44,77196.02,15775.51,-43.48,234.96,1232.33,0,62455.57,0.003993879168823533,0.25134430898478244,0.26013075538210034,0,1
ITC Ltd,Fast Moving Consumer Goods,2023,70919.03,25915.12,19191.66,1242.8,67912.46,306.04,85830.96,18877.55,139.23,359.49,1242.8,0,69155.26000000001,0.00442540451731365,0.27061368436652333,0.2661845487734392,0,1
ITC Ltd,Fast Moving Consumer Goods,2024,67931.94,26960.82,20458.78,1248.47,73258.53,303.43,91753.97,17178.86,190.67,401.53,1248.47,0,74507.0,0.004072503254727744,0.30116584334261615,0.25288340065071013,0,1
ITC Ltd,Fast Moving Consumer Goods,2025,75323.34,41942.95,34746.63,1251.41,68778.64,284.54,88002.7,17627.04,25.8,409.75,1251.41,0,70030.05,0.00406311290653084,0.4612996449706027,0.23401830030373058,0,1
Infosys Ltd,Information Technology,2019,82675.0,21041.0,15404.0,2170.0,62778.0,,84066.0,14841.0,-303.0,743.85,436.89,0,64948.0,,0.1863199274266707,0.179510130027215,0,1
Infosys Ltd,Information Technology,2020,90791.0,22007.0,16594.0,2122.0,63328.0,4633.0,91800.0,17003.0,-919.0,641.5,425.9,0,65450.0,0.0707868601986249,0.182771420074677,0.18727627187716844,0,1
Infosys Ltd,Information Technology,2021,100472.0,26628.0,19351.0,2124.0,74227.0,5325.0,107511.0,23224.0,6065.0,1368.05,426.07,0,76351.0,0.06974368377624393,0.19260092364041723,0.2311489768293654,0,1
Infosys Ltd,Information Technology,2022,121641.0,30110.0,22110.0,2098.0,73252.0,5474.0,116729.0,23885.0,-7242.0,1906.85,420.67,0,75350.0,0.07264764432647644,0.18176437221002786,0.1963564916434426,0,1
Infosys Ltd,Information Technology,2023,146767.0,33322.0,24095.0,2069.0,73338.0,8299.0,124596.0,22467.0,-5299.0,1427.95,414.86,0,75407.0,0.11005609558794277,0.16417178248516356,0.15307937070322347,0,1
Infosys Ltd,Information Technology,2024,153670.0,35988.0,26233.0,2071.0,86045.0,8359.0,137360.0,25210.0,2613.0,1498.05,415.09,0,88116.0,0.09486358890553362,0.17070996290752913,0.16405284050237523,0,1
Infosys Ltd,Information Technology,2025,162990.0,37608.0,26713.0,2073.0,93745.0,8227.0,147795.0,35694.0,9669.0,1570.65,415.33,0,95818.0,0.08586069423281638,0.16389349039818393,0.21899503036996135,0,1
InterGlobe Aviation Ltd,Services,2019,28496.77,-149.05,156.14,384.41,6560.38,2429.17,25011.74,3160.0,42.16,1428.15,38.44,0,6944.79,0.34978307479419823,0.005479217469207913,0.11088976048864485,0,1
InterGlobe Aviation Ltd,Services,2020,35756.0,-275.09,-248.16,384.8,5477.64,22719.17,42048.46,6943.3,-36.74,1066.15,38.48,1,5862.4400000000005,3.875377829026821,-0.006940373643584293,0.194185591229444,0,1
InterGlobe Aviation Ltd,Services,2021,14640.63,-5829.8,-5829.79,384.91,-314.0,29859.65,42974.25,-1620.4,-167.76,1631.95,38.49,1,70.91000000000003,421.09222958680004,-0.39819256411780096,-0.11067829731370851,0,0
InterGlobe Aviation Ltd,Services,2022,25930.93,-6171.03,-6171.03,385.26,-6420.55,36877.84,45860.11,2064.1,503.43,2014.15,38.53,1,-6035.29,-6.110367521693241,-0.23797950941211904,0.07959992179223807,0,1
InterGlobe Aviation Ltd,Services,2023,54446.45,-316.72,-316.72,385.55,-6694.56,44860.1,59042.68,12703.14,232.15,1910.65,38.55,1,-6309.01,-7.110481676205934,-0.005817091839780189,0.23331438505173432,0,1
InterGlobe Aviation Ltd,Services,2024,68904.3,8043.2,8167.5,386.0,1545.9,51280.1,82068.8,21182.8,-554.8,3548.65,38.6,1,1931.9,26.54386873026554,0.11853396667551952,0.30742348445597734,0,1
InterGlobe Aviation Ltd,Services,2025,80803.0,7587.5,7253.3,386.4,8920.4,67088.4,115913.9,24064.7,307.5,5115.35,38.64,1,9306.8,7.208535694331027,0.08976523148892987,0.29781938789401385,0,1
JSW Steel Ltd,Metals & Mining,2019,84757.0,11168.0,7639.0,301.0,34494.0,47396.0,114797.0,14633.0,4999.0,293.05,241.72,1,34795.0,1.3621497341572064,0.09012824899418337,0.1726465070731621,0,1
JSW Steel Ltd,Metals & Mining,2020,73326.0,3013.0,4030.0,301.0,36298.0,61423.0,131820.0,12785.0,-1615.0,146.25,241.72,1,36599.0,1.678269898084647,0.05496004145869132,0.17435834492540164,0,1
JSW Steel Ltd,Metals & Mining,2021,79839.0,12015.0,7911.0,302.0,45308.0,66727.0,147163.0,18831.0,7977.0,468.45,241.72,1,45610.0,1.4629905722429293,0.09908691241122759,0.23586217262240258,0,1
JSW Steel Ltd,Metals & Mining,2022,146371.0,29745.0,20665.0,301.0,66996.0,72237.0,196485.0,26270.0,-3135.0,732.65,241.72,1,67297.0,1.0734059467732588,0.14118233803144065,0.17947544253984737,0,1
JSW Steel Ltd,Metals & Mining,2023,165960.0,5655.0,4144.0,301.0,65394.0,80853.0,210539.0,23323.0,6616.0,688.1,241.72,1,65695.0,1.2307329324910572,0.024969872258375513,0.14053386358158593,0,1
JSW Steel Ltd,Metals & Mining,2024,175006.0,13380.0,8812.0,305.0,77364.0,87984.0,227898.0,12078.0,-7394.0,830.2,244.55,1,77669.0,1.1328071688833383,0.0503525593408226,0.06901477663622961,0,1
JSW Steel Ltd,Metals & Mining,2025,168824.0,5077.0,3504.0,305.0,79191.0,98752.0,240445.0,20899.0,3625.0,1063.2,244.55,1,79496.0,1.2422260239508907,0.02075534284224992,0.1237916409989101,0,1
Kotak Mahindra Bank Ltd,Financial Services,2019,29831.22,10575.72,7204.13,954.38,56827.42,291763.2,395171.25,1822.38,6863.83,1334.5,190.88,1,57781.799999999996,5.04939617665078,0.2414963249910664,0.06108969059931173,0,1
Kotak Mahindra Bank Ltd,Financial Services,2020,33474.16,11421.8,8593.36,956.52,65680.47,326476.93,443172.72,46618.83,32815.39,1296.05,191.3,1,66636.99,4.899334888925805,0.25671622529138893,1.392681100884981,0,1
Kotak Mahindra Bank Ltd,Financial Services,2021,32819.83,13168.34,9990.2,990.92,83347.69,327110.31,478854.22,4881.13,-16363.23,1753.0,198.18,1,84338.61,3.8785357026870613,0.3043952390978259,0.14872502386514494,0,1
Kotak Mahindra Bank Ltd,Financial Services,2022,33740.62,15948.31,12089.39,992.33,95673.01,365746.76,546497.9,8308.36,4948.86,1753.85,198.47,1,96665.34,3.7836390995986773,0.35830373004408334,0.2462420666840147,0,1
Kotak Mahindra Bank Ltd,Financial Services,2023,42151.06,19646.18,14925.01,993.28,110821.12,418806.54,620429.74,-1242.43,-9740.14,1732.85,198.66,1,111814.4,3.7455510202621487,0.3540838593382942,-0.029475652569591372,1,0
Kotak Mahindra Bank Ltd,Financial Services,2024,56236.63,23863.38,18213.21,993.96,128977.73,520374.37,767666.95,15685.0,22281.04,1785.5,198.79,1,129971.69,4.003751663150645,0.3238673796776229,0.2789107384279606,0,1
Kotak Mahindra Bank Ltd,Financial Services,2025,65668.83,28989.03,22125.99,994.11,156495.24,592329.51,879774.34,16915.73,13855.37,2171.2,198.82,1,157489.34999999998,3.7610766061324155,0.3369329101797611,0.2575914631035759,0,1
Larsen & Toubro Ltd,Construction,2019,135220.29,14304.67,8905.13,280.55,62094.25,125555.17,278036.23,-4755.83,-338.46,1385.3,140.27,1,62374.8,2.012914991310593,0.06585646281338399,-0.035170979148173694,1,0
Larsen & Toubro Ltd,Construction,2020,145452.36,14085.52,9549.03,280.78,66442.44,143173.67,306687.09,6693.88,4657.72,808.5,140.39,1,66723.22,2.1457847807704726,0.06565056764977895,0.04602111646727493,0,1
Larsen & Toubro Ltd,Construction,2021,135979.03,16917.7,11582.93,280.91,75587.62,134629.08,310095.05,23073.82,2048.95,1418.9,140.46,1,75868.53,1.7745049231875192,0.08518173721345122,0.16968660535378138,0,1
Larsen & Toubro Ltd,Construction,2022,156521.23,14494.97,8669.33,281.01,82126.65,125508.08,319027.91,19163.58,396.72,1767.65,140.5,1,82407.65999999999,1.5230147294559755,0.05538756627455585,0.12243438158516899,0,1
Larsen & Toubro Ltd,Construction,2023,183340.7,17109.03,10470.72,281.1,89044.85,120650.44,329721.88,22776.96,3156.45,2164.2,140.55,1,89325.95000000001,1.3506762592505313,0.057110723369115525,0.1242329717296814,0,1
Larsen & Toubro Ltd,Construction,2024,221112.91,20517.11,13059.11,274.93,86084.31,116322.22,339602.34,18266.28,-4968.19,3763.9,137.47,1,86359.23999999999,1.3469574303803509,0.05906082100769241,0.08261064448927925,0,1
Larsen & Toubro Ltd,Construction,2025,255734.45,23578.79,15037.11,275.04,97380.56,132408.92,379114.09,9160.71,228.5,3492.3,137.52,1,97655.59999999999,1.3558763655130892,0.058799704146234505,0.03582118091637634,0,1
Mahindra & Mahindra Ltd,Automobile and Auto Components,2019,104720.68,8870.84,5315.46,543.96,39439.45,70848.3,161888.66,-4347.29,1672.37,673.9,124.32,1,39983.409999999996,1.77194241311584,0.05075845573195285,-0.041513194910499054,1,0
Mahindra & Mahindra Ltd,Automobile and Auto Components,2020,75381.93,1654.61,127.04,554.28,39415.03,82092.28,165716.13,-1456.93,-1393.97,284.95,124.32,1,39969.31,2.0538828416102257,0.0016852845237578823,-0.019327310935127295,1,0
Mahindra & Mahindra Ltd,Automobile and Auto Components,2021,74277.78,3158.2,1812.49,555.15,41026.77,80624.83,164968.33,17908.83,-1370.44,795.25,124.32,1,41581.92,1.9389395679660777,0.024401510115138067,0.24110615583826014,0,1
Mahindra & Mahindra Ltd,Automobile and Auto Components,2022,90170.57,9361.77,6577.32,556.06,46566.58,77605.21,172388.49,9247.55,113.0,806.55,124.32,1,47122.64,1.6468773820821585,0.07294308996826791,0.10255618878753898,0,1
Mahindra & Mahindra Ltd,Automobile and Auto Components,2023,121268.55,14060.23,10281.5,556.82,55808.97,92246.85,204283.13,-7074.02,5.82,1158.7,124.35,1,56365.79,1.6365751282825984,0.0847829053781875,-0.05833350856425677,1,0
Mahindra & Mahindra Ltd,Automobile and Auto Components,2024,139078.27,15977.79,11268.64,557.38,65633.17,108647.25,234721.74,-5629.95,1036.69,1921.35,124.35,1,66190.55,1.641431443008103,0.08102372858103571,-0.04048044313464641,1,0
Mahindra & Mahindra Ltd,Automobile and Auto Components,2025,159210.82,19079.62,12929.1,558.15,76480.71,129024.58,276013.16,3175.81,393.79,2665.8,124.35,1,77038.86,1.6747986665430927,0.08120742045044425,0.01994719956847154,0,1
Maruti Suzuki India Ltd,Automobile and Auto Components,2019,86068.5,10623.8,7649.1,151.0,46941.1,159.6,63968.7,6600.9,113.1,6672.55,30.21,0,47092.1,0.0033891034802015626,0.0888722354868506,0.07669356384740061,0,1
Maruti Suzuki India Ltd,Automobile and Auto Components,2020,75660.0,7102.8,5676.0,151.0,49262.0,184.1,63627.7,3495.8,-165.1,4288.3,30.21,0,49413.0,0.0037257401898285877,0.07501982553528945,0.046204070843246105,0,1
Maruti Suzuki India Ltd,Automobile and Auto Components,2021,70372.0,5321.0,4389.1,151.0,52349.6,540.9,71376.1,8856.2,20.0,6859.2,30.21,0,52500.6,0.01030273939726403,0.06236997669527654,0.125848348775081,0,1
Maruti Suzuki India Ltd,Automobile and Auto Components,2022,88329.8,4697.2,3879.5,151.0,55182.5,425.5,74655.5,1840.5,-5.7,7561.3,30.21,0,55333.5,0.007689735874289535,0.04392062474951828,0.020836682523904727,0,1
Maruti Suzuki India Ltd,Automobile and Auto Components,2023,117571.3,10323.1,8211.0,151.0,61640.3,1247.3,84596.9,9251.4,2.2,8292.15,30.21,0,61791.3,0.020185689571185585,0.0698384724843563,0.0786875708612561,0,1
Maruti Suzuki India Ltd,Automobile and Auto Components,2024,141858.2,17424.5,13488.2,157.2,85478.8,118.6,115304.1,16801.1,874.3,12600.35,31.44,0,85636.0,0.0013849315708346955,0.09508227229726586,0.11843587469740909,0,1
Maruti Suzuki India Ltd,Automobile and Auto Components,2025,152913.0,19620.0,14500.2,157.2,96082.7,87.0,131971.2,16136.2,-2475.0,11522.15,31.44,0,96239.9,0.0009039909642466379,0.09482646995350298,0.10552536409592383,0,1
Max Healthcare Institute Ltd,Healthcare,2019,1691.02,8.32,-3.01,537.24,425.95,1002.75,3354.54,88.95,-1.53,,53.72,1,963.19,1.0410718549818831,-0.001779990774798642,0.05260138851107616,0,1
Max Healthcare Institute Ltd,Healthcare,2020,1059.03,12.78,58.99,537.24,2015.91,874.74,3973.66,77.09,-210.49,,53.72,0,2553.15,0.342612067446096,0.05570191590417647,0.07279302758184376,0,1
Max Healthcare Institute Ltd,Healthcare,2021,2504.67,-68.65,-137.55,965.95,4672.73,1101.41,8543.46,117.86,515.58,205.75,96.59,0,5638.679999999999,0.19533117680024406,-0.05491741427014338,0.04705609920668192,0,1
Max Healthcare Institute Ltd,Healthcare,2022,3931.46,738.9,605.05,969.61,5312.86,913.38,9189.13,748.49,-317.45,347.65,96.96,0,6282.469999999999,0.1453854932852843,0.15389956911681665,0.19038474256383126,0,1
Max Healthcare Institute Ltd,Healthcare,2023,4562.6,1063.72,1103.51,970.92,6438.67,688.96,10101.85,1284.13,893.36,441.1,97.09,0,7409.59,0.09298220279394677,0.2418599044404506,0.2814469819839565,0,1
Max Healthcare Institute Ltd,Healthcare,2024,5406.02,1365.32,1057.64,971.91,7436.23,1298.95,11999.94,1121.8,-394.49,819.9,97.19,0,8408.14,0.15448719930924082,0.1956411556006082,0.20750940618051725,0,1
Max Healthcare Institute Ltd,Healthcare,2025,7028.46,1406.37,1075.88,972.14,8408.73,3010.29,15186.44,1459.31,-318.6,1096.95,97.21,0,9380.869999999999,0.3208966758946665,0.15307478451894158,0.20762869817854834,0,1
NTPC Ltd,Power,2019,100286.54,11254.55,13736.68,9894.56,101461.65,173058.23,346922.99,18685.65,-450.88,134.7,989.46,1,111356.20999999999,1.5540959053832744,0.13697431380123395,0.1863226111898965,0,1
NTPC Ltd,Power,2020,109464.04,21249.52,11600.23,9894.56,108944.6,202984.31,377569.0,23889.67,265.78,84.2,989.46,1,118839.16,1.7080591111549424,0.10597297523460673,0.21824217341146918,0,1
NTPC Ltd,Power,2021,111531.15,17389.93,14634.63,9696.67,116041.8,210207.87,398021.79,32444.06,360.5,106.55,969.67,1,125738.47,1.6717864469004593,0.1312156289969215,0.2908968481002841,0,1
NTPC Ltd,Power,2022,132669.28,22007.39,16675.9,9696.67,125677.07,210706.56,415831.42,41788.23,-274.25,135.0,969.67,1,135373.74000000002,1.5564803040826083,0.12569526268628278,0.3149804536513653,0,1
NTPC Ltd,Power,2023,176207.18,23917.47,16912.55,9696.67,137326.5,222913.16,447188.89,47151.78,-210.12,175.1,969.67,1,147023.17,1.5161770760350222,0.09598104912637499,0.26759284156298285,0,1
NTPC Ltd,Power,2024,178524.8,28141.65,20811.89,9696.67,151012.6,237130.98,479277.72,40099.19,397.69,335.8,969.67,1,160709.27000000002,1.475527702913466,0.11657702459266164,0.22461411523777092,0,1
NTPC Ltd,Power,2025,188138.06,32198.33,23422.46,9696.67,174374.49,250096.15,523497.03,50435.95,563.22,357.6,969.67,1,184071.16,1.3586927468702865,0.12449612800302076,0.2680794624968494,0,1
Nestle India Ltd,Fast Moving Consumer Goods,2019,12368.9,2673.49,1968.44,96.42,1822.45,188.94,7172.94,2295.25,-1223.29,739.27,192.8,0,1918.8700000000001,0.09846420028454246,0.15914430547583053,0.18556621849962407,0,1
Nestle India Ltd,Fast Moving Consumer Goods,2020,13350.03,2812.79,2082.43,96.42,1922.92,147.49,7899.73,2454.48,177.13,919.51,192.8,0,2019.3400000000001,0.07303871561995504,0.15598691538520884,0.1838557666162548,0,1
Nestle India Ltd,Fast Moving Consumer Goods,2021,14740.59,2857.32,2118.41,96.42,1849.96,266.46,8234.13,2236.0,-1704.3,985.29,192.8,0,1946.38,0.13690029696153883,0.1437127007806336,0.1516899934127467,0,1
Nestle India Ltd,Fast Moving Consumer Goods,2022,16896.96,3255.97,2390.52,96.42,2362.75,270.52,8978.74,2737.43,222.96,980.3,192.8,0,2459.17,0.1100045950462961,0.1414763365717857,0.1620072486411757,0,1
Nestle India Ltd,Fast Moving Consumer Goods,2023,19126.3,4038.29,2998.67,96.42,2362.75,270.52,8978.74,3392.19,28.73,1329.02,192.8,0,2459.17,0.1100045950462961,0.15678254550017517,0.17735735610128464,0,1
Nestle India Ltd,Fast Moving Consumer Goods,2024,24393.89,5288.87,3932.84,96.42,3244.47,344.53,10523.06,4174.79,-197.55,1311.18,192.83,0,3340.89,0.10312521513728377,0.16122233887256196,0.171140806160887,0,1
Nestle India Ltd,Fast Moving Consumer Goods,2025,20201.56,4447.47,3314.5,96.42,4020.73,1166.85,12323.89,2936.35,-722.67,1125.38,192.83,0,4117.15,0.2834120690283327,0.16407148754848636,0.1453526361330511,0,1
Oil & Natural Gas Corporation Ltd,Oil Gas & Consumable Fuels,2019,421623.93,54845.66,30546.04,6290.15,210644.5,107741.69,492343.29,61457.6,1001.47,159.75,1258.03,0,216934.65,0.49665505256997905,0.0724485443698606,0.14576402245479758,0,1
Oil & Natural Gas Corporation Ltd,Oil Gas & Consumable Fuels,2020,396727.91,18962.45,10803.6,6290.15,198814.45,129472.52,508364.04,70592.98,707.57,68.3,1258.03,0,205104.6,0.6312511762291045,0.02723176193981412,0.17793802306472464,0,1
Oil & Natural Gas Corporation Ltd,Oil Gas & Consumable Fuels,2021,303848.91,30126.45,16304.4,6290.14,214690.85,133186.92,541747.65,47185.19,-195.44,102.15,1258.03,0,220980.99000000002,0.6027075903678412,0.05365956389312044,0.15529162174713743,0,1
Oil & Natural Gas Corporation Ltd,Oil Gas & Consumable Fuels,2022,491246.24,54091.11,45522.11,6290.14,253212.77,121985.86,583259.52,78248.25,1261.09,163.9,1258.03,0,259502.91,0.4700751139939047,0.09266658203836838,0.15928518862556587,0,1
Oil & Natural Gas Corporation Ltd,Oil Gas & Consumable Fuels,2023,632291.18,43050.75,35440.48,6290.14,274357.16,142254.81,613114.52,84211.33,-1503.98,151.05,1258.03,0,280647.3,0.5068810923889167,0.05605088465728717,0.13318441354820099,0,1
Oil & Natural Gas Corporation Ltd,Oil Gas & Consumable Fuels,2024,601580.88,73629.22,49143.93,6290.14,332778.74,191195.23,736620.79,98846.61,-3585.86,268.05,1258.03,0,339068.88,0.5638831555405498,0.08169130973710467,0.16431142226461717,0,1
Oil & Natural Gas Corporation Ltd,Oil Gas & Consumable Fuels,2025,612065.37,52397.88,36225.62,6290.14,337150.34,187817.3,752656.05,90868.19,59.31,246.38,1258.03,0,343440.48000000004,0.5468700136920376,0.05918586767946045,0.14846157690640135,0,1
Power Grid Corporation of India Ltd,Power,2019,35059.12,9147.17,10033.52,5231.59,53856.8,146376.36,247380.3,23271.16,2112.93,111.32,930.07,1,59088.39,2.4772440068175827,0.2861885865931603,0.663769084905725,0,1
Power Grid Corporation of India Ltd,Power,2020,37743.54,14590.15,11059.4,5231.59,59463.76,148269.64,256671.13,30738.63,1199.3,89.5,930.07,1,64695.350000000006,2.2918129355510093,0.29301438073906155,0.8144077105645099,0,1
Power Grid Corporation of India Ltd,Power,2021,39639.79,15500.71,12036.46,5231.59,64704.48,143232.5,255707.97,29402.68,-362.36,121.31,930.07,1,69936.07,2.048049025345576,0.3036459073067743,0.7417466136929585,0,1
Power Grid Corporation of India Ltd,Power,2022,41621.64,19609.64,16824.07,6975.45,69271.68,134695.63,250950.3,26123.52,-2090.63,162.6,930.06,1,76247.12999999999,1.766566557980609,0.4042144903468484,0.6276427358460647,0,1
Power Grid Corporation of India Ltd,Power,2023,45603.11,17701.62,15419.74,6975.45,76050.84,128583.81,252225.22,40202.87,2615.06,169.28,930.06,1,83026.29,1.548711980265528,0.33812913198244593,0.8815817605422087,0,1
Power Grid Corporation of India Ltd,Power,2024,45843.1,18513.95,15573.16,9300.6,77844.51,123516.21,250829.3,37289.5,-1728.22,276.9,930.06,1,87145.11,1.417362488841887,0.3397056481782428,0.8134157594054503,0,1
Power Grid Corporation of India Ltd,Power,2025,45792.32,19294.2,15521.44,9300.6,83362.21,131030.21,266019.39,36223.29,332.84,290.35,930.06,1,92662.81000000001,1.4140539230355738,0.3389529073870903,0.7910341734159789,0,1
Reliance Industries Ltd,Oil Gas & Consumable Fuels,2019,568337.0,55227.0,39588.0,5926.0,381186.0,307714.0,997630.0,42346.0,3745.0,619.43,1352.26,0,387112.0,0.7948965674016822,0.06965585559272051,0.07450861020837989,0,1
Reliance Industries Ltd,Oil Gas & Consumable Fuels,2020,596679.0,53606.0,39354.0,6339.0,442827.0,355133.0,1163015.0,94877.0,19839.0,506.06,1352.37,0,449166.0,0.7906497820404929,0.06595506126409678,0.15900844507683362,0,1
Reliance Industries Ltd,Oil Gas & Consumable Fuels,2021,466307.0,55461.0,49128.0,6445.0,693727.0,278962.0,1320065.0,26958.0,-13523.0,918.78,1267.89,0,700172.0,0.398419245556806,0.10535548469141574,0.05781169915956655,0,1
Reliance Industries Ltd,Oil Gas & Consumable Fuels,2022,694673.0,83815.0,60705.0,6765.0,772720.0,319158.0,1498622.0,110654.0,18781.0,1208.51,1352.98,0,779485.0,0.40944726325715053,0.08738643937507287,0.15928933469416545,0,1
Reliance Industries Ltd,Oil Gas & Consumable Fuels,2023,876396.0,94464.0,66702.0,6766.0,709106.0,451664.0,1605882.0,115032.0,32486.0,1069.21,1353.12,0,715872.0,0.6309284341334763,0.076109429983706,0.13125573370941904,0,1
Reliance Industries Ltd,Oil Gas & Consumable Fuels,2024,899041.0,104340.0,69621.0,6766.0,786715.0,350719.0,1755048.0,158788.0,28561.0,1485.85,1353.14,0,793481.0,0.4420005015873096,0.07743918241770954,0.17661930879681795,0,1
Reliance Industries Ltd,Oil Gas & Consumable Fuels,2025,962820.0,106017.0,69648.0,13532.0,829668.0,374313.0,1949713.0,178703.0,9277.0,1275.1,1353.24,0,843200.0,0.4439195920303605,0.0723375085685798,0.18560374732556448,0,1
SBI Life Insurance Company Ltd,Financial Services,2019,44604.06,1641.55,1326.8,1000.0,6576.36,,146733.84,13472.86,-320.6,583.4,100.0,0,7576.36,,0.029746171088461455,0.30205456633319927,0,1
SBI Life Insurance Company Ltd,Financial Services,2020,43797.5,1790.29,1422.18,1000.03,7743.06,,165580.06,19298.59,2113.72,641.0,100.0,0,8743.09,,0.03247171642217022,0.4406322278668874,0,1
SBI Life Insurance Company Ltd,Financial Services,2021,81912.78,1640.01,1455.85,1000.07,9400.37,,226830.44,23877.64,4676.99,880.85,100.01,0,10400.44,,0.017773172879738668,0.2915007890099689,0,1
SBI Life Insurance Company Ltd,Financial Services,2022,82983.29,1686.92,1506.0,1000.37,10621.94,,273336.99,21851.94,9.92,1121.45,100.04,0,11622.310000000001,,0.01814823201152907,0.26332940041302294,0,1
SBI Life Insurance Company Ltd,Financial Services,2023,80635.64,1905.85,1720.57,1000.89,12016.59,,314599.17,28656.05,-1962.05,1101.1,100.09,0,13017.48,,0.021337587200895285,0.3553769772274394,0,1
SBI Life Insurance Company Ltd,Financial Services,2024,131987.79,2077.79,1893.78,1001.47,13907.09,,398277.25,29121.86,-2326.79,1500.25,100.15,0,14908.56,,0.014348145385266318,0.22064056076702246,0,1
SBI Life Insurance Company Ltd,Financial Services,2025,116888.43,2692.6,2413.3,1002.14,15983.21,,457095.46,25546.65,3542.98,1547.85,100.21,0,16985.35,,0.02064618371553113,0.21855584851297946,0,1
Shriram Finance Ltd,Financial Services,2019,15535.81,3778.27,2575.68,226.9,15735.85,87914.4,105418.95,-5534.98,-61.57,248.93,126.53,1,15962.75,5.507472083444268,0.16578987513364285,-0.3562723797471776,1,0
Shriram Finance Ltd,Financial Services,2020,16561.29,3438.67,2512.27,226.88,17915.43,94734.56,114265.79,-2463.58,2059.85,128.74,126.53,1,18142.31,5.2217473960041465,0.15169530875916065,-0.14875532038868952,1,0
Shriram Finance Ltd,Financial Services,2021,17422.19,3278.01,2498.83,253.06,21464.23,106545.9,129910.26,-4238.77,7961.94,284.46,141.13,1,21717.29,4.9060403024502595,0.1434280076155753,-0.24329719742466366,1,0
Shriram Finance Ltd,Financial Services,2022,19255.32,3549.25,2721.1,270.52,25823.74,114846.14,142268.16,-8859.02,-388.49,226.97,135.26,1,26094.260000000002,4.401203176484024,0.14131678933406455,-0.46008168132235666,1,0
Shriram Finance Ltd,Financial Services,2023,30491.67,8213.72,6011.04,374.43,43138.43,164202.24,210572.69,-17625.25,-729.6,251.88,187.21,1,43512.86,3.7736485259759984,0.1971371197445073,-0.5780349190451032,1,0
Shriram Finance Ltd,Financial Services,2024,34972.75,9884.27,7366.38,375.79,48571.38,195496.08,248266.3,-31118.28,-3919.47,471.96,187.9,1,48947.17,3.9940221263047486,0.21063199205095395,-0.8897864766139351,1,0
Shriram Finance Ltd,Financial Services,2025,43940.61,12643.61,9553.82,376.08,56093.74,234197.25,293722.16,-43651.9,4499.04,656.0,188.04,1,56469.82,4.147299389302109,0.21742574807222748,-0.9934295404638215,1,0
State Bank of India,Financial Services,2019,253322.17,5220.49,2299.64,892.46,233603.2,3354288.72,3888460.03,29556.01,30223.16,320.75,892.46,1,234495.66,14.304267806065154,0.009077926341780507,0.11667360184069163,0,1
State Bank of India,Financial Services,2020,269851.66,30316.59,19767.8,892.46,250167.66,3607061.3,4197485.73,23928.53,28803.0,196.85,892.46,1,251060.12,14.367320863225908,0.07325432054040357,0.088672902734784,0,1
State Bank of India,Financial Services,2021,278115.48,32795.97,22405.46,892.46,274669.1,4149127.45,4845614.84,89918.93,93391.77,364.3,892.46,1,275561.56,15.05698926221785,0.08056171486750756,0.323315084798588,0,1
State Bank of India,Financial Services,2022,289972.69,49738.63,35373.88,892.46,304695.58,4536570.38,5360877.84,57694.85,51198.09,493.55,892.46,1,305588.04000000004,14.84537935450615,0.12199038468070907,0.1989664957758608,0,1
State Bank of India,Financial Services,2023,350844.58,75398.56,55648.17,892.46,358038.86,4989687.46,5954414.51,-86013.68,-80593.21,523.75,892.46,1,358931.32,13.901510350225218,0.1586120270120747,-0.2451617750515057,1,0
State Bank of India,Financial Services,2024,439188.51,91240.05,67084.67,892.46,414046.71,5606146.99,6733755.59,21632.43,8260.39,752.35,892.46,1,414939.17000000004,13.510768313340964,0.15274686944792795,0.04925545524859018,0,1
State Bank of India,Financial Services,2025,490937.79,106365.29,77561.34,892.46,486144.3,6050755.27,7313729.9,48486.29,31360.64,771.5,892.46,1,487036.76,12.42361104324035,0.15798608618008403,0.09876259474749337,0,1
Sun Pharmaceutical Industries Ltd,Healthcare,2019,29065.91,3810.2,2665.42,239.93,41169.13,10514.36,64589.53,2196.45,-844.15,478.85,239.93,0,41409.06,0.2539144815168468,0.09170261657040843,0.07556790755906145,0,1
Sun Pharmaceutical Industries Ltd,Healthcare,2020,32837.5,5009.59,3764.93,239.93,45024.52,8314.88,68194.32,6554.77,-1385.69,352.3,239.93,0,45264.45,0.183695593340911,0.11465336886181957,0.1996123334602208,0,1
Sun Pharmaceutical Industries Ltd,Healthcare,2021,33498.14,2799.37,2903.82,239.93,46222.85,3868.58,67622.22,6170.37,596.42,597.8,239.93,0,46462.78,0.08326191416010838,0.0866860070439732,0.18420037649851603,0,1
Sun Pharmaceutical Industries Ltd,Healthcare,2022,38654.49,4481.32,3272.73,239.93,47771.29,1290.3,69775.91,8984.54,-1764.78,914.75,239.93,0,48011.22,0.026874967976235554,0.08466623152963602,0.23243198914278784,0,1
Sun Pharmaceutical Industries Ltd,Healthcare,2023,43885.68,9408.43,8473.58,239.93,55755.45,6885.87,80711.9,4959.33,115.48,983.1,239.93,0,55995.38,0.12297210948474678,0.19308302845028263,0.11300565469191773,0,1
Sun Pharmaceutical Industries Ltd,Healthcare,2024,48496.85,11087.89,9576.38,239.93,63426.82,3273.67,85327.79,12134.98,4661.92,1620.55,239.93,0,63666.75,0.05141883322142249,0.19746395899939892,0.25022202472944116,0,1
Sun Pharmaceutical Industries Ltd,Healthcare,2025,52578.44,13752.13,10929.04,239.93,71978.09,2362.19,91908.14,14072.09,983.12,1734.7,239.93,0,72218.01999999999,0.03270914932311908,0.20786162541148046,0.2676399299789039,0,1
Tata Consultancy Services Ltd,Information Technology,2019,146463.0,41563.0,31472.0,375.0,89071.0,62.0,113901.0,28593.0,2341.0,2001.65,375.24,0,89446.0,0.000693155646982537,0.21488020865338003,0.19522336699371173,0,1
Tata Consultancy Services Ltd,Information Technology,2020,156949.0,42248.0,32340.0,375.0,83751.0,8174.0,120127.0,32369.0,1422.0,1826.1,375.24,0,84126.0,0.09716377814231035,0.20605419594900254,0.20623896934673047,0,1
Tata Consultancy Services Ltd,Information Technology,2021,164177.0,43760.0,32430.0,370.0,86063.0,7795.0,129992.0,38802.0,-1788.0,3177.85,369.91,0,86433.0,0.09018546157139055,0.19753071380278603,0.23634248402638616,0,1
Tata Consultancy Services Ltd,Information Technology,2022,191754.0,51687.0,38327.0,366.0,88773.0,7818.0,140924.0,39949.0,5630.0,3739.95,365.91,0,89139.0,0.08770571803587655,0.19987588264130082,0.20833463708710118,0,1
Tata Consultancy Services Ltd,Information Technology,2023,225458.0,56907.0,42147.0,366.0,90058.0,7688.0,142859.0,41965.0,-5365.0,3205.9,365.91,0,90424.0,0.08502167566132886,0.18693947431450647,0.1861322286190776,0,1
Tata Consultancy Services Ltd,Information Technology,2024,240893.0,61997.0,45908.0,362.0,90127.0,8021.0,145472.0,44338.0,1893.0,3876.3,361.81,0,90489.0,0.0886406082507266,0.19057423835478823,0.1840568219084822,0,1
Tata Consultancy Services Ltd,Information Technology,2025,255324.0,65331.0,48553.0,362.0,94394.0,9392.0,158649.0,48908.0,-674.0,3606.15,361.81,0,94756.0,0.09911773396935286,0.1901623035828986,0.1915526938321505,0,1
Tata Consumer Products Ltd,Fast Moving Consumer Goods,2019,7251.5,734.71,408.19,63.11,7268.58,1141.1,10880.68,209.87,39.31,201.45,65.54,0,7331.69,0.15563942283429877,0.05629042267117148,0.028941598290008964,0,1
Tata Consumer Products Ltd,Fast Moving Consumer Goods,2020,9637.42,809.38,459.76,92.16,13722.7,1586.32,18473.04,1082.23,151.86,291.23,95.7,0,13814.86,0.1148270775092907,0.04770571376986787,0.11229457676432074,0,1
Tata Consumer Products Ltd,Fast Moving Consumer Goods,2021,11602.03,1311.06,856.69,92.16,14442.35,1633.55,20217.82,1656.37,883.84,631.06,95.7,0,14534.51,0.11239112980072943,0.07383966426565006,0.14276553327305652,0,1
Tata Consumer Products Ltd,Fast Moving Consumer Goods,2022,12425.37,1455.99,935.78,92.16,15049.78,1412.01,21074.87,1515.81,-796.07,767.86,95.7,0,15141.94,0.09325159127562253,0.07531204302165649,0.12199314789016343,0,1
Tata Consumer Products Ltd,Fast Moving Consumer Goods,2023,13783.16,1793.56,1203.77,92.9,16183.81,1600.04,22762.49,1461.29,-86.72,700.15,96.47,0,16276.71,0.0983024210666652,0.08733628572838159,0.1060199547854048,0,1
Tata Consumer Products Ltd,Fast Moving Consumer Goods,2024,15205.85,1695.72,1150.33,95.28,15961.51,3477.22,27878.79,1936.68,281.46,1082.74,98.95,0,16056.79,0.21655760584774414,0.07565048977860493,0.12736413945948435,0,1
Tata Consumer Products Ltd,Fast Moving Consumer Goods,2025,17618.3,1776.55,1278.47,98.95,19902.13,2392.68,31830.62,2056.65,205.87,1001.9,98.95,0,20001.08,0.11962754011283389,0.07256488991559913,0.11673373708019504,0,1
Tata Motors Passenger Vehicles Ltd,Automobile and Auto Components,2019,301938.4,-31371.15,-28826.23,679.22,59500.34,106175.34,305703.49,18890.75,6843.05,105.27,288.73,1,60179.56,1.7643090112323851,-0.09547056618171122,0.06256491390296828,0,1
Tata Motors Passenger Vehicles Ltd,Automobile and Auto Components,2020,261067.97,-10579.98,-12070.85,719.54,62358.99,124787.64,320179.39,26632.94,-3092.0,42.92,308.9,1,63078.53,1.978290235996305,-0.04623642647545005,0.10201534872316967,0,1
Tata Motors Passenger Vehicles Ltd,Automobile and Auto Components,2021,249794.75,-10474.28,-13451.39,765.81,54480.91,142130.57,341569.91,29000.51,13232.21,182.32,332.03,1,55246.72,2.5726517338947907,-0.053849770661713266,0.11609735592921788,0,1
Tata Motors Passenger Vehicles Ltd,Automobile and Auto Components,2022,278453.62,-7003.41,-11441.47,765.88,43795.36,146449.03,329061.49,14282.83,6459.0,262.04,332.07,1,44561.24,3.2864666692399047,-0.041089320368684734,0.0512933895418562,0,1
Tata Motors Passenger Vehicles Ltd,Automobile and Auto Components,2023,345966.97,3393.93,2414.29,766.02,44555.77,134113.44,334674.43,35388.01,-6272.06,254.22,332.13,1,45321.78999999999,2.9591381982044402,0.006978382936382627,0.1022872501383586,0,1
Tata Motors Passenger Vehicles Ltd,Automobile and Auto Components,2024,434016.0,27783.0,31399.0,767.0,84151.0,107264.0,369521.0,67915.0,8128.0,599.77,332.37,1,84918.0,1.2631479780494124,0.0723452591609526,0.15648040625230406,0,1
Tata Motors Passenger Vehicles Ltd,Automobile and Auto Components,2025,439695.0,38651.0,27830.0,736.0,115408.0,71540.0,376973.0,63102.0,-5666.0,407.45,368.13,0,116144.0,0.6159594985535197,0.06329387416277192,0.14351311704704398,0,1
Tata Steel Ltd,Metals & Mining,2019,157668.99,15840.6,10218.33,1144.94,67780.14,100816.22,232773.44,25335.95,-4513.2,52.1,1126.49,1,68925.08,1.462692825311193,0.06480874901272597,0.16069076106848912,0,1
Tata Steel Ltd,Metals & Mining,2020,139816.65,-1394.76,1556.54,1144.95,72431.35,116328.2,249149.12,20168.72,4462.04,26.96,1126.49,1,73576.3,1.5810553126482303,0.01113272274797029,0.14425120327228555,0,1
Tata Steel Ltd,Metals & Mining,2021,156294.18,13843.69,7490.22,1197.61,73041.16,88501.41,243909.19,44326.68,-2200.26,81.19,1196.59,1,74238.77,1.1921184847216622,0.047923857433462974,0.2836105605467843,0,1
Tata Steel Ltd,Metals & Mining,2022,243959.17,50226.87,40153.93,1221.21,113221.83,75561.35,282421.67,44380.99,10074.88,130.72,1221.3,0,114443.04000000001,0.6602529083463704,0.16459282920170618,0.18191974501306918,0,1
Tata Steel Ltd,Metals & Mining,2023,243352.69,18235.12,8760.4,1221.24,101860.86,84893.05,285395.78,21683.08,-3477.06,104.5,1222.12,0,103082.1,0.8235479292719105,0.035998780206621096,0.08910146010713915,0,1
Tata Steel Ltd,Metals & Mining,2024,229170.78,-1147.04,-4437.44,1247.44,90788.32,87082.12,269312.42,20300.67,-5049.06,155.85,1248.35,0,92035.76000000001,0.946177007719608,-0.019363026996722703,0.08858315183113658,0,1
Tata Steel Ltd,Metals & Mining,2025,218542.51,8412.87,3420.51,1247.44,89922.19,94801.05,275458.58,23511.81,2524.12,154.24,1248.35,1,91169.63,1.0398314658071992,0.015651462957938938,0.10758460676597885,0,1
Tech Mahindra Ltd,Information Technology,2019,34742.1,5543.2,4297.6,443.7,19840.7,1995.5,33445.8,4432.0,76.6,775.9,98.34,0,20284.4,0.09837609197215594,0.1237000641872541,0.1275685695453067,0,1
Tech Mahindra Ltd,Information Technology,2020,36867.7,5057.8,4033.0,435.9,21377.2,3670.5,37317.9,4358.1,974.0,565.5,96.59,0,21813.100000000002,0.1682704429906799,0.1093911472644076,0.11820916411926974,0,1
Tech Mahindra Ltd,Information Technology,2021,37855.1,5952.9,4428.0,437.0,24428.0,2900.8,39601.9,8093.8,-326.3,991.45,96.83,0,24865.0,0.11666197466318119,0.11697234982868887,0.2138100282392597,0,1
Tech Mahindra Ltd,Information Technology,2022,44646.0,7452.1,5566.1,438.8,26446.9,2618.4,44415.5,5285.3,1098.5,1499.45,97.18,0,26885.7,0.09739006237516598,0.12467186310083771,0.11838238588003405,0,1
Tech Mahindra Ltd,Information Technology,2023,53290.2,6445.5,4831.3,440.0,27484.5,2740.2,45827.2,5572.0,267.4,1101.85,97.41,0,27924.5,0.098128883238733,0.0906601964338659,0.10455956254620925,0,1
Tech Mahindra Ltd,Information Technology,2024,51995.5,3224.4,2357.8,441.3,26228.1,2536.7,43149.1,6376.4,290.8,1248.1,97.68,0,26669.399999999998,0.09511650055869274,0.04534623188545163,0.12263368945389504,0,1
Tech Mahindra Ltd,Information Technology,2025,52988.3,5653.2,4251.5,442.4,26919.1,2025.2,44266.6,5785.7,-28.6,1418.25,97.9,0,27361.5,0.07401640991904684,0.0802346933190912,0.10918825476567467,0,1
Titan Company Ltd,Consumer Durables,2019,19778.52,1956.89,1404.15,88.78,5981.37,2392.98,11709.84,1242.92,-42.52,1141.85,88.78,0,6070.15,0.3942209006367223,0.07099368405724998,0.0628419113260244,0,1
Titan Company Ltd,Consumer Durables,2020,21052.0,2102.0,1501.0,89.0,6580.0,3562.0,13544.0,-348.0,-355.0,933.7,88.78,0,6669.0,0.5341130604288499,0.07129963898916968,-0.016530495914877447,1,0
Titan Company Ltd,Consumer Durables,2021,21644.0,1327.0,973.0,89.0,7408.0,5638.0,16444.0,4139.0,106.0,1558.05,88.78,0,7497.0,0.7520341469921302,0.04495472186287193,0.19123082609499167,0,1
Titan Company Ltd,Consumer Durables,2022,28799.0,2904.0,2173.0,89.0,9214.0,7275.0,21188.0,-724.0,38.0,2536.15,88.78,0,9303.0,0.782005804579168,0.07545400881975069,-0.025139761797284627,1,0
Titan Company Ltd,Consumer Durables,2023,40575.0,4447.0,3250.0,89.0,11762.0,9367.0,27020.0,1370.0,13.0,2514.9,88.78,0,11851.0,0.7903974348156274,0.08009858287122612,0.033764633394947625,0,1
Titan Company Ltd,Consumer Durables,2024,51084.0,4623.0,3496.0,89.0,9304.0,15528.0,31547.0,1695.0,177.0,3801.8,88.78,1,9393.0,1.653145959757266,0.06843630099444054,0.03318064364575993,0,1
Titan Company Ltd,Consumer Durables,2025,60456.0,4535.0,3337.0,89.0,11535.0,20777.0,40645.0,-541.0,-2.0,3063.35,88.78,1,11624.0,1.7874225739848588,0.055197168188434564,-0.008948656874421066,1,0
Trent Ltd,Consumer Services,2019,2630.24,168.47,96.96,33.23,1613.28,494.14,2558.76,20.98,21.42,361.9,33.23,0,1646.51,0.3001135735586179,0.03686355617738305,0.007976458422045137,0,1
Trent Ltd,Consumer Services,2020,3485.98,164.99,122.85,35.55,2352.22,299.74,5506.68,361.16,4.54,484.35,35.55,0,2387.77,0.12553135352232417,0.03524116604226071,0.103603577760056,0,1
Trent Ltd,Consumer Services,2021,2592.96,-204.82,-146.17,35.55,2277.48,299.93,5723.73,285.03,19.63,751.05,35.55,0,2313.03,0.12966974055675887,-0.05637186844378625,0.10992456497593482,0,1
Trent Ltd,Consumer Services,2022,4498.02,111.22,105.83,35.55,2328.45,4725.36,7726.02,58.08,6.13,1275.5,35.55,1,2364.0,1.9988832487309642,0.023528130155045995,0.01291234809983059,0,1
Trent Ltd,Consumer Services,2023,8242.02,552.07,444.63,35.55,2559.94,4464.14,8081.53,594.88,0.84,1374.95,35.55,1,2595.4900000000002,1.7199603928352643,0.05394672665196153,0.0721764810082965,0,1
Trent Ltd,Consumer Services,2024,12375.11,1920.83,1486.8,35.55,4032.19,1752.99,7161.75,1348.98,211.32,3948.0,35.55,0,4067.7400000000002,0.43094937237876557,0.12014438659535147,0.10900751589278802,0,1
Trent Ltd,Consumer Services,2025,17134.61,2029.74,1546.72,35.55,5426.19,2237.19,9419.64,1660.9,43.92,5325.15,35.55,0,5461.74,0.40961122279713064,0.09026876012935223,0.09693246592714978,0,1
UltraTech Cement Ltd,Construction Materials,2019,41462.26,3468.45,2403.51,274.64,33476.01,25337.0,76525.37,5956.11,364.05,3998.35,27.46,0,33750.65,0.750711467779139,0.05796862013792784,0.1436513590913761,0,1
UltraTech Cement Ltd,Construction Materials,2020,42429.89,5182.72,5755.26,288.63,38755.13,23018.96,79213.81,8972.43,-295.4,3244.85,28.86,0,39043.759999999995,0.5895682178150875,0.1356416431906847,0.2114648423552359,0,1
UltraTech Cement Ltd,Construction Materials,2021,44725.8,8000.55,5463.1,288.65,43886.03,21719.39,86176.35,12500.43,-712.19,6737.95,28.87,0,44174.68,0.4916705678456527,0.12214650157179972,0.279490361267993,0,1
UltraTech Cement Ltd,Construction Materials,2022,52598.83,8524.32,7344.31,288.67,50146.6,11298.8,83811.44,9283.24,-958.15,6602.3,28.87,0,50435.27,0.22402576609582936,0.1396287712103102,0.17649137823027622,0,1
UltraTech Cement Ltd,Construction Materials,2023,63239.98,7416.25,5063.96,288.69,54035.85,11057.74,91380.4,9068.51,249.83,7622.15,28.87,0,54324.54,0.20354962968853485,0.08007529414145924,0.1433983691961952,0,1
UltraTech Cement Ltd,Construction Materials,2024,70908.14,9422.22,7005.0,288.69,59938.79,11402.95,100797.11,10897.54,183.21,9749.15,28.87,0,60227.48,0.1893313484143783,0.098789786334827,0.15368531736976884,0,1
UltraTech Cement Ltd,Construction Materials,2025,75955.13,7528.13,6039.11,294.68,70412.09,24102.18,133632.06,10673.43,-86.37,11509.55,29.47,0,70706.76999999999,0.34087513826469523,0.07950891532935299,0.1405228323616851,0,1
Wipro Ltd,Information Technology,2019,59018.9,11542.2,9003.7,1206.8,55215.8,9946.7,82586.4,11631.6,11759.9,127.4,1206.79,0,56422.600000000006,0.1762892883348162,0.15255621504297776,0.1970826294627653,0,1
Wipro Ltd,Information Technology,2020,61137.6,12251.9,9722.3,1142.7,54179.0,9724.0,80999.6,10064.3,-1442.1,98.35,1142.67,0,55321.7,0.17577189421149386,0.1590232524665672,0.16461719138467978,0,1
Wipro Ltd,Information Technology,2021,61934.9,13902.9,10796.4,1095.8,53805.2,10451.4,82565.8,14755.0,2555.9,207.08,1095.83,0,54901.0,0.19036811715633595,0.17431851831519868,0.23823401668526145,0,1
Wipro Ltd,Information Technology,2022,79312.0,15140.8,12229.6,1096.4,64306.6,17592.9,107275.6,11079.7,-6583.0,295.95,1096.41,0,65403.0,0.26899224806201555,0.1541960863425459,0.13969764978817834,0,1
Wipro Ltd,Information Technology,2023,90487.6,14765.7,11350.0,1097.6,76570.3,17466.6,116923.7,13060.1,-1197.2,182.63,1097.58,0,77667.90000000001,0.22488827430637362,0.12543155084232535,0.14433027287716768,0,1
Wipro Ltd,Information Technology,2024,89760.3,14721.0,11045.2,1045.0,73943.3,16464.9,115064.2,17621.6,509.0,240.05,1045.03,0,74988.3,0.21956625233536434,0.12305217339959872,0.1963184169393373,0,1
Wipro Ltd,Information Technology,2025,89088.4,17495.7,13135.4,2094.4,80736.5,19203.5,128395.9,16942.6,2502.3,262.25,1047.21,0,82830.9,0.2318398085738535,0.14744231572236116,0.19017739683280876,0,1
